{
 "Debug info": "+6282334601906",
 "Description": "2.20.199.14",
 "Version": "2.20.199.14",
 "App": "com.whatsapp.w4b",
 "LC": "ID",
 "LG": "in",
 "Context": "settings\/about",
 "Carrier": "Smartfren",
 "Manufacturer": "OPPO",
 "Model": "CPH2083",
 "CPU ABI": "arm64-v8a",
 "OS": "9",
 "Socket Conn": "UP",
 "Radio MCC-MNC": "510-09",
 "SIM MCC-MNC": "510-28",
 "Free Space Built-In": "6661382144 (6,66 GB)",
 "Free Space Removable": "6451662848 (6,45 GB)",
 "FAQ Results Returned": 10,
 "FAQ Results Read": 0,
 "Smb count": "300",
 "Ent count": "2",
 "Away state": "0",
 "Away start time": "0",
 "Away end time": "0",
 "Greeting message on": "false",
 "CCode": "62 82334601906",
 "Target": "release",
 "Product": "CPH2083",
 "Device": "OP4BFB",
 "Build": "CPH2083EX_11_A.41",
 "Board": "oppo6765_19451",
 "Kernel": "Unknown release unknown version",
 "Connection": "M.O.B.I.L.E. (L.T.E.)",
 "Device ISO8601": "2020-10-19 06:44:31.893+0700",
 "Phone Type": "G.S.M.",
 "Network Type": "U.N.K.N.O.W.N.",
 "Missing Permissions": "android.permission.INSTALL_SHORTCUT, android.permission.READ_PHONE_STATE, android.permission.REQUEST_INSTALL_PACKAGES, android.permission.USE_FULL_SCREEN_INTENT, com.sec.android.provider.badge.permission.READ, com.sec.android.provider.badge.permission.WRITE, com.htc.launcher.permission.READ_SETTINGS, com.htc.launcher.permission.UPDATE_SHORTCUT, com.sonyericsson.home.permission.BROADCAST_BADGE, com.sonymobile.home.permission.PROVIDER_INSERT_BADGE, com.huawei.android.launcher.permission.READ_SETTINGS, com.huawei.android.launcher.permission.WRITE_SETTINGS, com.huawei.android.launcher.permission.CHANGE_BADGE, android.permission.CALL_PHONE, android.permission.ANSWER_PHONE_CALLS, android.permission.READ_CALL_LOG",
 "Architecture": "aarch64",
 "Diagnostic Codes": "FE-GDE FE-GDC FE-VIDC FE-SMSRTV ",
 "Network metered": "205:false;219:true",
 "Network restricted": "205:true;219:false",
 "Data roaming": "false",
 "Tel roaming": "false",
 "Video transcode": "supported",
 "Datacenter": "frc",
 "Screen reader": false,
 "Fingerprint eligible": true,
 "Last local backup time": "2020-10-19 02:19:41.000+0700",
 "Google account added": false
}